name,name_variants,coordinates,notes,related_documents_count,related_people_count,related_events_count,url
Abshīsh,أبشيش,"30° 28′ 11″ N, 31° 5′ 18″ E",,1,0,0,https://geniza.princeton.edu/places/abshish/
Abū Qīr,,"31° 18′ 41″ N, 30° 3′ 37″ E",,7,0,0,https://geniza.princeton.edu/places/abu-qir/
Abwān (near Damietta),Ibwān,"31° 20′ 6″ N, 31° 46′ 15″ E","A place of uncertain location but probably identical with the Abwanāt near the village of al-ʿAṭawī in the district of Fāraskūr. See Golb, ""The Topography of the Jews of Medieval Egypt,"" p. 116.",2,0,0,https://geniza.princeton.edu/places/abwan/
Abwān (near al-Ushmūnayn),,"28° 24′ 1″ N, 30° 43′ 32″ E",,1,0,0,https://geniza.princeton.edu/places/abwan-near-al-ushmunayn/
Abyār,Ibyār,"30° 50′ 7″ N, 30° 52′ 2″ E",,4,0,0,https://geniza.princeton.edu/places/abyar/
Abyssinia (region),"al-Ḥabash (region), אלחבש (region)","12° 1′ 54″ N, 39° 2′ 27″ E",Abyssinia is a region more or less coterminous with modern Ethiopia. I've arbitrarily put the map at Lalibela until the PGP is able to handle regions.,1,0,0,https://geniza.princeton.edu/places/abyssinia/
Acre,"עכו, عكا","32° 55′ 40″ N, 35° 4′ 54″ E",,11,1,0,https://geniza.princeton.edu/places/acre/
Aden,"ʿAdan, עדן, عدن","12° 47′ 28″ N, 44° 59′ 7″ E",,64,9,1,https://geniza.princeton.edu/places/aden/
Adminna,"Adiminne, Adiminnen, Adminne, Arminna, Arminne, Armínney","22° 27′ 32″ N, 31° 50′ 12″ E",A town located just south of Ibrīm. It is now underwater as a result of the building of the Aswan High Dam.,1,0,0,https://geniza.princeton.edu/places/adminne/
Ahwāz,Hormshir,"31° 19′ 5″ N, 48° 40′ 14″ E",,4,0,0,https://geniza.princeton.edu/places/ahwaz/
Akhmīm,Ikhmīm,"26° 33′ 46″ N, 31° 44′ 39″ E",,8,0,0,https://geniza.princeton.edu/places/akhmim/
Akhziv,Ajzib,"33° 2′ 54″ N, 35° 6′ 7″ E",,1,0,0,https://geniza.princeton.edu/places/akhziv/
al-ʿAlāqma,العلاقمة,"30° 37′ 33″ N, 31° 38′ 8″ E",,2,0,0,https://geniza.princeton.edu/places/al-alaqma/
Al-ʿAlawiyya,אלעלויה,,Unidentified locality near Gush Ḥalav (Jīsh).,1,0,0,https://geniza.princeton.edu/places/al-alawiyya/
al-Andalus,"Sefarad, Spain, אלאנדלוס, الأندلس",,Region,9,0,0,https://geniza.princeton.edu/places/al-andalus/
al-ʿArīsh,,"31° 7′ 55″ N, 33° 48′ 7″ E",,3,0,0,https://geniza.princeton.edu/places/al-arish/
al-ʿAṣāfira,,"31° 10′ 12″ N, 32° 0′ 42″ E",,1,0,0,https://geniza.princeton.edu/places/al-asafira/
al-Bahnasā,"Oxyrhynchus, אלבהנסא, البهنسا, Ὀξυρρυγχος, ⲡⲉⲙϫⲉ","28° 31′ 51″ N, 30° 38′ 49″ E",,6,0,0,https://geniza.princeton.edu/places/al-bahnasa/
al-Bakātūsh,"אלבכאתוש, البكاتوش","31° 3′ 22″ N, 30° 47′ 58″ E",,1,0,0,https://geniza.princeton.edu/places/al-bakatush/
al-Bannā,"אלבנא, البنا",,Unidentified locality near Fāqūs.,1,0,0,https://geniza.princeton.edu/places/al-banna/
al-Bashmūr,"אלבשמור, البشمور","31° 18′ 36″ N, 31° 3′ 48″ E",,1,0,0,https://geniza.princeton.edu/places/al-bashmur/
Al-Daqahliyya (region),,"31° 15′ 57″ N, 31° 37′ 37″ E",,1,0,0,https://geniza.princeton.edu/places/al-daqahliyya-region/
Aleppo,"חלב, צובה, حلب","36° 13′ 0″ N, 37° 10′ 0″ E",,41,0,0,https://geniza.princeton.edu/places/aleppo/
Alexandria,"נא אמון, الإسكندرية","31° 12′ 16″ N, 29° 52′ 48″ E",,380,32,1,https://geniza.princeton.edu/places/alexandria/
al-Fashn,"الفشن, ⲡⲃⲏϣⲛ","28° 49′ 21″ N, 30° 53′ 57″ E",,1,0,0,https://geniza.princeton.edu/places/al-fashn/
al-Fayyūm,,"29° 18′ 8″ N, 30° 53′ 31″ E",,9,1,0,https://geniza.princeton.edu/places/al-fayyum/
Algeciras,,"36° 8′ 26″ N, 5° 27′ 22″ W",,1,0,0,https://geniza.princeton.edu/places/algeciras/
al-Gharbiyya (region),,"30° 52′ 1″ N, 31° 1′ 40″ E",Administrative region,3,0,0,https://geniza.princeton.edu/places/al-gharbiyya/
al-Jawah,"אלגווה, الجوة","16° 57′ 23″ N, 43° 1′ 46″ E",,1,0,0,https://geniza.princeton.edu/places/al-jawah/
al-Karak,الكرك,"31° 10′ 59″ N, 35° 42′ 0″ E",,1,0,0,https://geniza.princeton.edu/places/al-karak/
ʿAlmā,,"33° 3′ 6″ N, 35° 29′ 56″ E",,1,0,0,https://geniza.princeton.edu/places/alma/
al-Maghrib,al-Gharb,,Region,2,0,0,https://geniza.princeton.edu/places/al-maghrib/
al-Maḥābisha,,"15° 56′ 57″ N, 43° 26′ 15″ E",,1,0,0,https://geniza.princeton.edu/places/al-mahabisha/
al-Maḥalla,"al-Maḥalla al-Kubrā, אלמחלה הגדולה, المحلة الكبرى","30° 58′ 11″ N, 31° 9′ 36″ E",,50,2,0,https://geniza.princeton.edu/places/al-mahalla-al-kubra/
al-Mahdiyya,"Mahdia, Mahdiya, المهدية","35° 30′ 0″ N, 11° 4′ 12″ E",,75,6,0,https://geniza.princeton.edu/places/al-mahdiyya/
al-Manshilīn,"אלמנשלין, المنشلين","31° 2′ 8″ N, 30° 47′ 47″ E",,1,0,0,https://geniza.princeton.edu/places/al-manshilin/
al-Manzala,,"31° 9′ 36″ N, 31° 56′ 18″ E",,3,0,0,https://geniza.princeton.edu/places/al-manzala/
Al-Marāgha,المراغة,"26° 42′ 22″ N, 31° 36′ 16″ E",,1,0,0,https://geniza.princeton.edu/places/al-maragha/
al-Maṣṭāy,,"30° 37′ 14″ N, 31° 9′ 27″ E",,1,0,0,https://geniza.princeton.edu/places/al-mastay/
Almeria,אלמריה,"36° 50′ 41″ N, 2° 27′ 7″ W",,10,0,0,https://geniza.princeton.edu/places/almeria/
Al-Nastarāwiyya (region),,"31° 31′ 31″ N, 30° 49′ 36″ E",The strip of land to the north of Lake Burullus.,1,0,0,https://geniza.princeton.edu/places/al-nastarawiyya-region/
al-Nuʿmāniyya,,"32° 32′ 40″ N, 45° 24′ 26″ E",,1,0,0,https://geniza.princeton.edu/places/al-nu-maniyya/
al-Qaṣṣ,,,Unidentified location thought to be in NW India,1,0,0,https://geniza.princeton.edu/places/al-qass/
al-Ramla,,"31° 55′ 38″ N, 34° 51′ 44″ E",,45,2,0,https://geniza.princeton.edu/places/al-ramla/
al-Raqqa,"Kalne, Raqqa, כלנה, الرقة","35° 57′ 22″ N, 39° 0′ 43″ E",,9,0,0,https://geniza.princeton.edu/places/al-raqqa/
al-Ṣāfiyya,الصافية,"31° 3′ 57″ N, 30° 43′ 46″ E",,2,0,0,https://geniza.princeton.edu/places/al-safiyya/
al-Salṭ,السلط,"32° 1′ 59″ N, 35° 43′ 59″ E",,1,0,0,https://geniza.princeton.edu/places/al-salt/
Dhū l-Kifl,"Tomb of Ezekiel, al-Sayyid Yeḥezqel","32° 13′ 26″ N, 44° 22′ 36″ E",,1,0,0,https://geniza.princeton.edu/places/al-sayyid-yehezqel/
al-Shām,Levant,,Region,2,0,0,https://geniza.princeton.edu/places/al-sham/
al-Shūbak,,"30° 17′ 30″ N, 31° 19′ 15″ E",,1,0,0,https://geniza.princeton.edu/places/al-shubak/
al-Ṭūr,,"28° 15′ 14″ N, 33° 36′ 3″ E",,1,0,0,https://geniza.princeton.edu/places/al-tur/
al-Ushmūnayn,al-Ashmūnayn,"27° 46′ 53″ N, 30° 48′ 14″ E",,8,0,0,https://geniza.princeton.edu/places/al-ushmunayn/
Amalfi,מלף,"40° 38′ 1″ N, 14° 36′ 10″ E",,2,0,0,https://geniza.princeton.edu/places/amalfi/
Āmol,"אמול, آمل","36° 28′ 12″ N, 52° 20′ 47″ E",,1,0,0,https://geniza.princeton.edu/places/amol/
Ancona,,"43° 36′ 25″ N, 13° 30′ 36″ E",,5,0,0,https://geniza.princeton.edu/places/ancona/
Ankara,אנגורה,"39° 55′ 19″ N, 32° 51′ 36″ E",,1,0,0,https://geniza.princeton.edu/places/ankara/
Antalya,,"36° 53′ 48″ N, 30° 42′ 47″ E",,6,0,0,https://geniza.princeton.edu/places/antalya/
Antioch,Antakya,"36° 12′ 23″ N, 36° 9′ 25″ E",,3,0,0,https://geniza.princeton.edu/places/antioch/
ʿAqaba,"עקבה, عقبة","29° 31′ 54″ N, 35° 0′ 19″ E",,1,0,0,https://geniza.princeton.edu/places/aqaba/
ʿAqrabā,,"32° 7′ 40″ N, 35° 20′ 35″ E",,1,0,0,https://geniza.princeton.edu/places/aqraba/
ʿArqā,"ערקה, عرقا","34° 31′ 46″ N, 36° 2′ 23″ E",,1,0,0,https://geniza.princeton.edu/places/arqa/
Ascalon,"אשקלון, عسقلان","31° 40′ 12″ N, 34° 34′ 12″ E",,27,1,0,https://geniza.princeton.edu/places/ascalon/
Ashmūn,"Ashmūm, Ashmūn Ṭannāḥ","31° 5′ 48″ N, 31° 40′ 0″ E","""Ashmūn"" in Geniza documents appears to refer to Ashmūn Ṭannāh, present-day Ashmūn al-Rummān. However this identification is not certain in all cases; there is another locality called Ashmūn in al-Minūfiyya (30.2936, 30.9786).  See Golb, ""The Topography of the Jews of Medieval Egypt,"" p. 118.",12,0,0,https://geniza.princeton.edu/places/ashmun/
Aswān,,"24° 5′ 20″ N, 32° 53′ 59″ E",,7,1,0,https://geniza.princeton.edu/places/aswan/
Asyūṭ,,"27° 10′ 59″ N, 31° 10′ 0″ E",,4,0,0,https://geniza.princeton.edu/places/asyut/
Aṭfīḥ,"Aphroditopolis, אתפיח, أطفيح","29° 25′ 12″ N, 31° 15′ 0″ E",,6,0,0,https://geniza.princeton.edu/places/atfih/
Atfihnā,"Tafahnā, Tafihnā, אתפהנא, تفهنا العزب","30° 35′ 49″ N, 31° 15′ 15″ E",,1,0,0,https://geniza.princeton.edu/places/atfihna/
ʿAwarta,,"32° 9′ 43″ N, 35° 17′ 11″ E",,1,0,0,https://geniza.princeton.edu/places/awarta/
Awjila,"אוגלה, أوجلة","29° 8′ 17″ N, 21° 18′ 0″ E",,1,0,0,https://geniza.princeton.edu/places/awjila/
ʿAydhāb,,"22° 19′ 50″ N, 36° 29′ 25″ E",",",44,2,0,https://geniza.princeton.edu/places/aydhab/
ʿAyn al-Zaytūn,,"32° 58′ 50″ N, 35° 29′ 30″ E",,1,0,0,https://geniza.princeton.edu/places/ayn-al-zaytun/
Baalbek,"בעלת, بعلبك","34° 0′ 16″ N, 36° 12′ 39″ E",,5,0,0,https://geniza.princeton.edu/places/baalbek/
Bāb al-Mandab,,"12° 34′ 59″ N, 43° 19′ 59″ E",,1,0,0,https://geniza.princeton.edu/places/bab-al-mandab/
Bāḍiʿ,,"18° 9′ 36″ N, 38° 25′ 47″ E",,4,0,0,https://geniza.princeton.edu/places/badi/
Badsā,"Bidsa, بدسا, بدسة","29° 40′ 36″ N, 31° 15′ 18″ E",,1,0,0,https://geniza.princeton.edu/places/badsa/
Baghdād,,"33° 21′ 0″ N, 44° 20′ 24″ E",,21,2,0,https://geniza.princeton.edu/places/baghdad/
Baḥṭīṭ,بحطيط,"30° 29′ 19″ N, 31° 38′ 14″ E",,1,0,0,https://geniza.princeton.edu/places/bahtit/
Balāṭa,,"32° 12′ 28″ N, 35° 17′ 11″ E",,1,0,0,https://geniza.princeton.edu/places/balata/
Bālis,"Barbalissos, באלס, بالس","35° 59′ 12″ N, 38° 6′ 43″ E","Bālis was abandoned during the medieval period and is absent from many modern maps. For an excellent map of the archaeological site that can be compared/confirmed alongside current satellite imagery, see: Müge Durusu-Tanrıöver, ""Ways of Being Hittite: Empire and Borderlands in Late Bronze Age Anatolia and Northern Syria,"" Studia Orientalia Electronica 9.2 (2021): 18.",1,0,0,https://geniza.princeton.edu/places/balis/
Bandariyya,,"32° 56′ 25″ N, 21° 42′ 47″ E","According to T-S 10J20.3 (PGPID 5820), located between Tripoli and Alexandria, but can probably be narrowed down more as lying between Benghazi and Tobruk. This location is approximate, based on al-Idrīsī, Nuzhat al-Mushtāq (ed. de Goeje), pp. 137–38, who describes it as lying on a curve or cape from which the coastline turns to face west, but he may intend the next cape over to the east. In T-S 13J15.9 (PGPID 3250), which contains shipping reports, someone sails from Tripoli for Barnīq (Benghazi), but ends up in Bandariyya, i.e., overshoots; someone (else? or the same person?) travels from Tripoli to Bandariyya in 10 days, and (also from Tripoli? or from Bandariyya?) to Alexandria in 20 days, and this is considered making good time. Spelled either Bandariyya (in geniza letters) or Bandāriyya (in al-Idrīsī). MR 11/26/24",4,0,0,https://geniza.princeton.edu/places/bandariyya/
Banhā,"بنها, ⲡⲁⲛⲁϩⲟ","30° 27′ 36″ N, 31° 11′ 15″ E",,14,0,0,https://geniza.princeton.edu/places/banha/
Bāniyās,"באניאס, بانايس","35° 11′ 23″ N, 35° 57′ 12″ E",,0,0,0,https://geniza.princeton.edu/places/baniyas/
Bāniyās (Golan),"Banias, Pamias, דן, מבצר דן, פאמיס, بانياس","33° 14′ 54″ N, 35° 41′ 39″ E",,3,1,0,https://geniza.princeton.edu/places/baniyas-golan/
Barcelona,,"41° 23′ 13″ N, 2° 10′ 6″ E",,2,0,0,https://geniza.princeton.edu/places/barcelona/
Bari,,"41° 7′ 30″ N, 16° 51′ 59″ E",,1,0,0,https://geniza.princeton.edu/places/bari/
Barqa,,"32° 29′ 53″ N, 20° 53′ 34″ E","The medieval city Barqa (not to be confused with the placename Barqa used for the eastern region, mostly interchangeable with Cyrenaica) was located in al-Marj, now called Old City Marj مدينة المرج القديمة
https://geohack.toolforge.org/geohack.php?params=32.4983_N_20.8928_E_globe:earth&language=en",12,2,0,https://geniza.princeton.edu/places/barqa/
Baṣra,البصرة,"30° 30′ 54″ N, 47° 48′ 36″ E",,7,0,0,https://geniza.princeton.edu/places/basra/
Baysān,Bet Sheʾan,"32° 29′ 49″ N, 35° 29′ 50″ E",,1,0,0,https://geniza.princeton.edu/places/baysan/
Beersheba,"באר שבע, بئر السبع","31° 15′ 7″ N, 34° 47′ 11″ E",,1,0,0,https://geniza.princeton.edu/places/beersheba/
Beirut,Bayrūt,"33° 53′ 18″ N, 35° 29′ 43″ E",,7,0,0,https://geniza.princeton.edu/places/beirut/
Benghazi,Barnīq,"32° 8′ 52″ N, 20° 5′ 20″ E",,1,0,0,https://geniza.princeton.edu/places/benghazi/
Berbera,,"10° 26′ 5″ N, 45° 0′ 50″ E",,2,0,0,https://geniza.princeton.edu/places/berbera/
Bethlehem,,"31° 42′ 19″ N, 35° 12′ 8″ E",,1,0,0,https://geniza.princeton.edu/places/bethlehem/
Bharuch,"Barūṣ, Bharutkutccha, Broach, ברוץ","21° 41′ 59″ N, 72° 59′ 23″ E",,7,1,0,https://geniza.princeton.edu/places/bharuch/
Bijāya,Bougie,"36° 45′ 3″ N, 5° 3′ 51″ E",,6,0,0,https://geniza.princeton.edu/places/bijaya/
Bilbays,Bulbays,"30° 25′ 12″ N, 31° 33′ 35″ E",,100,2,0,https://geniza.princeton.edu/places/bilbays/
Bilqās,Belkas,"31° 12′ 50″ N, 31° 21′ 28″ E",,0,0,0,https://geniza.princeton.edu/places/bilqas/
Birma,,"30° 50′ 40″ N, 30° 54′ 29″ E",,2,0,0,https://geniza.princeton.edu/places/birma/
Birya,ביריה,"32° 58′ 41″ N, 35° 30′ 10″ E",,1,0,0,https://geniza.princeton.edu/places/birya/
ʿAnnāba,"Bona, Bône, عنابة","36° 53′ 59″ N, 7° 45′ 59″ E",,1,0,0,https://geniza.princeton.edu/places/bona/
Buḥāyra,,"30° 50′ 53″ N, 30° 20′ 36″ E",,3,0,0,https://geniza.princeton.edu/places/buhayra/
Būlāq,بولاق,"30° 3′ 35″ N, 31° 14′ 2″ E",,9,0,0,https://geniza.princeton.edu/places/bulaq/
Buljusūq,,"29° 6′ 52″ N, 30° 49′ 17″ E","On the location of the village, see Tillier and Vanthieghem, Bulǧusūq: Un village du Fayoum sous les Fatimides (IVe-Ve/Xe-XIe siècles), ch. 1.",0,0,0,https://geniza.princeton.edu/places/buljusuq/
Būra,,"31° 24′ 0″ N, 31° 43′ 38″ E","""'A city on the seacoast near Damietta, from which come the būrī turbans and the būrī fish (=mullet).' Yāqūt, Muʿjam 1, p. 755; lying midway between Fāraskūr and Damietta.""  See Golb, ""The Topography of the Jews of Medieval Egypt,"" pp. 121–22.

Apparently on the site of present-day Kafr al-Baṭṭīkh.",2,0,0,https://geniza.princeton.edu/places/bura/
Burullus,"Buḥayrat al-Burullus, Lake Burullus","31° 28′ 20″ N, 30° 50′ 11″ E",,2,0,0,https://geniza.princeton.edu/places/burullus/
Būsh,"Πωις, ناصر, ⲡⲟⲩϣⲓⲛ","29° 9′ 7″ N, 31° 7′ 53″ E",,6,0,0,https://geniza.princeton.edu/places/bush/
Būṣīr,"Abū Ṣīr, אבוציר, בוציר, ابو صير, بوصير","29° 15′ 0″ N, 31° 4′ 47″ E",,103,1,0,https://geniza.princeton.edu/places/busir/
Byzantium (region),Bilād al-Rūm,"41° 0′ 23″ N, 28° 58′ 33″ E",,1,0,0,https://geniza.princeton.edu/places/byzantium-region/
Caesarea,,"32° 30′ 0″ N, 34° 53′ 30″ E",,5,0,0,https://geniza.princeton.edu/places/caesarea/
Cairo,"New Cairo, al-Muʿizziyya, al-Qāhira","30° 3′ 6″ N, 31° 15′ 41″ E",,445,2,1,https://geniza.princeton.edu/places/cairo/
Calicut,Kozhikode,"11° 15′ 32″ N, 75° 46′ 49″ E",,1,0,0,https://geniza.princeton.edu/places/calicut/
Candia,Heraklion,"35° 20′ 27″ N, 25° 8′ 53″ E",,8,0,0,https://geniza.princeton.edu/places/candia/
Carpentras,קארפינטראץ,"44° 3′ 20″ N, 5° 2′ 56″ E",,1,0,0,https://geniza.princeton.edu/places/carpentras/
Castrogiovanni,"Enna, קצר יני","37° 33′ 46″ N, 14° 16′ 33″ E",,1,0,0,https://geniza.princeton.edu/places/castrogiovanni/
Ceuta,,"35° 53′ 20″ N, 5° 18′ 14″ W",,3,0,0,https://geniza.princeton.edu/places/ceuta/
Ceylon,Sri Lanka,"7° 52′ 23″ N, 80° 46′ 19″ E",,3,0,0,https://geniza.princeton.edu/places/ceylon/
Chalcis,"Negroponte, אגריפון","38° 28′ 6″ N, 23° 37′ 33″ E",,1,0,0,https://geniza.princeton.edu/places/chalcis/
Chania,,"35° 30′ 49″ N, 24° 1′ 4″ E",,2,0,0,https://geniza.princeton.edu/places/chania/
Chios,,"38° 22′ 7″ N, 26° 8′ 13″ E",,1,0,0,https://geniza.princeton.edu/places/chios/
Constantine,,"36° 21′ 25″ N, 6° 38′ 20″ E",,1,0,0,https://geniza.princeton.edu/places/constantine/
Constantinople,Istanbul,"41° 0′ 54″ N, 28° 58′ 46″ E",,35,0,0,https://geniza.princeton.edu/places/constantinople/
Córdoba,"קרטבה, قرطبة","37° 53′ 24″ N, 4° 46′ 48″ W",,3,0,0,https://geniza.princeton.edu/places/cordoba/
Corfu,,"39° 37′ 26″ N, 19° 55′ 12″ E",,2,0,0,https://geniza.princeton.edu/places/corfu/
Crete,"Κρήτη, קריטי","35° 12′ 36″ N, 24° 54′ 36″ E",,1,0,0,https://geniza.princeton.edu/places/crete/
Cyprus,,"35° 5′ 42″ N, 33° 12′ 12″ E",,6,0,0,https://geniza.princeton.edu/places/cyprus/
Dahbattan,"Valapattanam, דהבתן","11° 55′ 33″ N, 75° 20′ 59″ E",,1,0,0,https://geniza.princeton.edu/places/dahbattan/
Dahlak,,"15° 49′ 48″ N, 40° 12′ 0″ E",,16,0,0,https://geniza.princeton.edu/places/dahlak/
Dahmashā,دهمشا,"30° 24′ 20″ N, 31° 24′ 33″ E",,1,0,0,https://geniza.princeton.edu/places/dahmasha/
Dahrūṭ,,"28° 36′ 46″ N, 30° 47′ 53″ E",,3,0,0,https://geniza.princeton.edu/places/dahrut/
Dājūn,"Bayt Dagan, Bayt Dajan","32° 0′ 12″ N, 34° 49′ 45″ E",,1,0,0,https://geniza.princeton.edu/places/dajun/
Dallāta,Dalton,"33° 1′ 19″ N, 35° 29′ 36″ E",,1,0,0,https://geniza.princeton.edu/places/dallata/
Damanhūr,دمنهور,"31° 2′ 26″ N, 30° 28′ 11″ E",,4,0,0,https://geniza.princeton.edu/places/damanhur/
Damascus,"Dimashq, חדרך, دمشق","33° 30′ 37″ N, 36° 16′ 41″ E",,88,1,0,https://geniza.princeton.edu/places/damascus/
Damietta,"Dimyāṭ, Dumyāṭ, אי כפתור, קפוטקיא, دمياط","31° 25′ 3″ N, 31° 48′ 51″ E",,55,0,0,https://geniza.princeton.edu/places/damietta/
Damīra,,"31° 6′ 28″ N, 31° 21′ 40″ E",,30,0,0,https://geniza.princeton.edu/places/damira/
Dammūh,"Dimwa, דמוה, דמוי, דמויה, دير طمويه, طموه, طمويه, Ṭammūh, Ṭamwa, Ṭamwayh","29° 56′ 22″ N, 31° 16′ 2″ E","For the location as identical with Ṭammūh/Ṭamwa, see Golb, ""Topography,"" part 1.",20,0,0,https://geniza.princeton.edu/places/dammuh/
Damshīt,دمشيت,"30° 52′ 41″ N, 31° 2′ 1″ E",,1,0,0,https://geniza.princeton.edu/places/damshit/
Damūya,"Damūya al-Lāhūn, Dimūh, Dimūh al-Lāhūn, هواره عدلان","29° 12′ 11″ N, 30° 57′ 57″ E",,0,0,0,https://geniza.princeton.edu/places/damuya/
Dandīr,,"29° 9′ 42″ N, 31° 2′ 10″ E",,1,0,0,https://geniza.princeton.edu/places/dandir/
Danūhyā,"Danūhiyya, دنوهيا, دنوهية","30° 32′ 12″ N, 31° 33′ 28″ E",,1,0,0,https://geniza.princeton.edu/places/danuhya/
Darb Makīn (street),,,Street in Fustat,1,0,0,https://geniza.princeton.edu/places/darb-makin-street/
Darmus,"Kalabsha, Talmis","24° 39′ 39″ N, 32° 56′ 10″ E",,1,0,0,https://geniza.princeton.edu/places/darmus/
Daybul,,"24° 45′ 12″ N, 67° 31′ 20″ E",,1,0,0,https://geniza.princeton.edu/places/daybul/
Daylam,"דילם, ديلم","36° 53′ 16″ N, 49° 54′ 20″ E",,1,0,0,https://geniza.princeton.edu/places/daylam/
Dayqūf,"داقوف, ديقوف","28° 23′ 35″ N, 30° 38′ 40″ E",,1,0,0,https://geniza.princeton.edu/places/dayquf/
Dendur,,"23° 22′ 35″ N, 32° 57′ 0″ E",,1,0,0,https://geniza.princeton.edu/places/dendur/
Dénia,"דאניה, دانية","38° 50′ 39″ N, 0° 6′ 39″ E",,3,0,0,https://geniza.princeton.edu/places/denia/
Dhāt al-Ṣafā,,"29° 25′ 0″ N, 30° 55′ 14″ E","See Rapoport and Shahar, Villages of the Fayyūm, 155n204. Modern location: Maʿṣarat Ṣāwī.",4,0,0,https://geniza.princeton.edu/places/dhat-al-safa/
Dhū Jibla,Jibla,"13° 55′ 26″ N, 44° 8′ 42″ E",,3,0,0,https://geniza.princeton.edu/places/dhu-jibla/
Dijwa,,"30° 23′ 2″ N, 31° 6′ 52″ E",,1,0,0,https://geniza.princeton.edu/places/dijwa/
Dilāṣ,Dalāṣ,"29° 11′ 8″ N, 31° 8′ 3″ E",,3,0,0,https://geniza.princeton.edu/places/dilas/
Djerba,"Jarba, Jerba","33° 48′ 27″ N, 10° 50′ 42″ E",,6,0,0,https://geniza.princeton.edu/places/djerba/
Dongola,,"19° 8′ 52″ N, 30° 28′ 15″ E",,2,2,0,https://geniza.princeton.edu/places/dongola/
Dubrovnik,"Ragusa (Adriatic Coast), רגוסה","42° 38′ 27″ N, 18° 6′ 32″ E",,2,0,0,https://geniza.princeton.edu/places/dubrovnik/
Edessa,al-Ruhāʾ,"37° 9′ 29″ N, 38° 47′ 30″ E",,1,0,0,https://geniza.princeton.edu/places/edessa/
Edfu,"Idfū, اتفو, ادفو","24° 58′ 45″ N, 32° 52′ 33″ E",,1,0,0,https://geniza.princeton.edu/places/edfu/
Edirne,Adrianople,"41° 40′ 36″ N, 26° 33′ 19″ E",,1,0,0,https://geniza.princeton.edu/places/edirne/
Egypt (region),,,,6,0,0,https://geniza.princeton.edu/places/egypt-region/
Eretz Yisraʾel,ארץ ישראל,"31° 42′ 35″ N, 34° 49′ 28″ E",,3,0,0,https://geniza.princeton.edu/places/eretz-yisra-el/
Erkinun,"Argeen, Arqin","21° 59′ 47″ N, 31° 17′ 22″ E",A town in the frontier zone between Egypt and Nubia. It is located just north of Wādī Ḥalfa on the western bank of the Nile.,1,2,0,https://geniza.princeton.edu/places/erkinun/
Essaouira,,"31° 30′ 30″ N, 9° 45′ 34″ W",,2,0,0,https://geniza.princeton.edu/places/essaouira/
Fāknūr,"Barkur, فاكنور","13° 27′ 36″ N, 74° 45′ 0″ E",,2,0,0,https://geniza.princeton.edu/places/faknur/
Fandarayna,"Koyilandy, Panthalayani Kollam","11° 26′ 20″ N, 75° 41′ 41″ E",,2,0,0,https://geniza.princeton.edu/places/fandarayna/
Fanṣūr,Barus,"2° 0′ 19″ N, 98° 23′ 24″ E",,2,0,0,https://geniza.princeton.edu/places/fansur/
Fāqūs,,"30° 43′ 47″ N, 31° 47′ 50″ E",,1,0,0,https://geniza.princeton.edu/places/faqus/
Fez,,"34° 3′ 36″ N, 4° 58′ 23″ W",,16,1,0,https://geniza.princeton.edu/places/fez/
Florence,פירנצה,"43° 46′ 16″ N, 11° 15′ 14″ E",,1,0,0,https://geniza.princeton.edu/places/florence/
France (region),צרפת,"46° 27′ 20″ N, 2° 10′ 44″ E",,1,0,0,https://geniza.princeton.edu/places/france-region/
Friuli,פריולי,"45° 53′ 59″ N, 13° 0′ 0″ E",,1,0,0,https://geniza.princeton.edu/places/friuli/
Fustat,"Fusṭāṭ, Miṣr al-Qadīma, פסטאט, فسطاط","30° 0′ 17″ N, 31° 14′ 15″ E",,1138,49,2,https://geniza.princeton.edu/places/fustat/
Fuwwa,"פוה, فوة","31° 12′ 14″ N, 30° 33′ 13″ E",,4,0,0,https://geniza.princeton.edu/places/fuwwa/
Gafsa,קפצה,"34° 25′ 51″ N, 8° 46′ 32″ E",,1,1,0,https://geniza.princeton.edu/places/gafsa/
Gaza,,"31° 30′ 11″ N, 34° 28′ 4″ E",,11,0,0,https://geniza.princeton.edu/places/gaza/
Genoa,,"44° 24′ 25″ N, 8° 56′ 2″ E",,3,0,0,https://geniza.princeton.edu/places/genoa/
Ghadames,"Ghadāmis, غدامس","30° 7′ 54″ N, 9° 29′ 42″ E",,1,1,0,https://geniza.princeton.edu/places/ghadames/
Ghulayfiqa,,"14° 26′ 2″ N, 43° 0′ 57″ E",The port of Zabīd,2,0,0,https://geniza.princeton.edu/places/ghulayfiqa/
Gibraltar,,"36° 8′ 26″ N, 5° 21′ 12″ W",,1,0,0,https://geniza.princeton.edu/places/gibraltar/
Giza,"אלגיזה, الجيزة","29° 59′ 13″ N, 31° 12′ 42″ E",,11,0,0,https://geniza.princeton.edu/places/giza/
Granada,"גרנטה, غرناطة","37° 10′ 29″ N, 3° 36′ 0″ W",,5,0,0,https://geniza.princeton.edu/places/granada/
Guadalajara,,"40° 38′ 0″ N, 3° 10′ 1″ W",,1,0,0,https://geniza.princeton.edu/places/guadalajara/
Gush Ḥalav,"Jīsh, al-Gush, al-Jashsh","33° 1′ 17″ N, 35° 26′ 49″ E",,2,0,0,https://geniza.princeton.edu/places/gush-halav/
גומא מזוד,,,Unidentified location likely in Iraq.,1,0,0,https://geniza.princeton.edu/places/gvma-mzvd/
Ḥaddāthā,,"33° 9′ 56″ N, 35° 23′ 24″ E",,1,0,0,https://geniza.princeton.edu/places/haddatha/
Hama,Ḥamā,"35° 8′ 26″ N, 36° 45′ 19″ E",,2,0,0,https://geniza.princeton.edu/places/hama/
Hamadān,,"34° 47′ 53″ N, 48° 30′ 50″ E",,1,0,0,https://geniza.princeton.edu/places/hamadan/
Ḥamida,"חמדה, حمدة, Ḥamuda","15° 49′ 56″ N, 43° 57′ 58″ E",,1,0,0,https://geniza.princeton.edu/places/hamida/
Ḥammūriyya,"חמוריה, حمورية","33° 31′ 39″ N, 36° 23′ 12″ E",,1,0,0,https://geniza.princeton.edu/places/hammuriyya/
Hawwāra,"Miṣrāta, Qaṣr Aḥmad, הוארה, هوارة","32° 22′ 38″ N, 15° 5′ 31″ E","In the 13th century, the port of Hawwāra was known as Qaṣr Aḥmad (Ibn Rushayd al-Sabtī, Riḥla, 6: 5), which became known as Miṣrāta in the 16th century.",1,0,0,https://geniza.princeton.edu/places/hawwara/
Hebron,"חברון, الخليل","31° 31′ 45″ N, 35° 5′ 37″ E",,13,0,0,https://geniza.princeton.edu/places/hebron/
Ḥijāz,,"22° 0′ 0″ N, 39° 30′ 0″ E",,3,0,0,https://geniza.princeton.edu/places/hijaz/
Ḥelwān,حلوان,"29° 50′ 31″ N, 31° 19′ 59″ E",,0,0,0,https://geniza.princeton.edu/places/hilwan/
Homs,"حمص, Ḥimṣ","34° 43′ 57″ N, 36° 42′ 48″ E",,2,0,0,https://geniza.princeton.edu/places/homs/
Ibrīm,"Qalʿat Ibrīm, Qaṣr Ibrīm","22° 38′ 58″ N, 31° 59′ 34″ E",,12,4,0,https://geniza.princeton.edu/places/ibrim/
Imbāba,,"30° 5′ 33″ N, 31° 12′ 2″ E",,1,0,0,https://geniza.princeton.edu/places/imbaba/
India,"אלהנד, الهند",,Region,8,0,0,https://geniza.princeton.edu/places/india/
Iṣfahān,اصفهان,"32° 40′ 4″ N, 51° 40′ 12″ E",,1,0,0,https://geniza.princeton.edu/places/isfahan/
Izmir,Smyrna,"38° 24′ 45″ N, 27° 8′ 18″ E",,8,0,0,https://geniza.princeton.edu/places/izmir/
Jabala,,"35° 21′ 56″ N, 35° 55′ 32″ E",,0,0,0,https://geniza.princeton.edu/places/jabala/
Jabal ʿĀmil,Jabal ʿĀmila,"33° 10′ 1″ N, 35° 21′ 59″ E",,1,0,0,https://geniza.princeton.edu/places/jabal-amil/
Jaffa,Yāfā,"32° 3′ 1″ N, 34° 45′ 7″ E",,5,0,0,https://geniza.princeton.edu/places/jaffa/
Jerusalem,,"31° 46′ 36″ N, 35° 14′ 3″ E",,158,11,0,https://geniza.princeton.edu/places/jerusalem/
Jidda,,"21° 31′ 45″ N, 39° 9′ 39″ E",,5,0,0,https://geniza.princeton.edu/places/jidda/
Jubayl,Byblos,"34° 7′ 24″ N, 35° 39′ 6″ E",,4,0,0,https://geniza.princeton.edu/places/jubayl/
Jūjar,,"31° 3′ 0″ N, 31° 20′ 41″ E","31.0406° N, ° E",6,0,0,https://geniza.princeton.edu/places/jujar/
Jūjar,,"31° 2′ 48″ N, 31° 20′ 25″ E",,1,0,0,https://geniza.princeton.edu/places/jujar-2/
Jurbattan,Sreekandapuram,"12° 2′ 41″ N, 75° 30′ 36″ E",,1,1,0,https://geniza.princeton.edu/places/jurbattan/
Jūsiya,,"34° 26′ 6″ N, 36° 34′ 12″ E",,1,0,0,https://geniza.princeton.edu/places/jusiya/
Kafr al-Jazaʾir,"כפר אלגזאייר, كفر الجزائر","31° 4′ 12″ N, 30° 46′ 16″ E",,1,0,0,https://geniza.princeton.edu/places/kafr-al-jaza-ir/
Kafr Birʿim,Barʿam,"33° 3′ 32″ N, 35° 25′ 59″ E",,1,0,0,https://geniza.princeton.edu/places/kafr-bir-im/
Kafr Ḥāris,Kifl Ḥāris,"32° 6′ 59″ N, 35° 9′ 26″ E",,1,0,0,https://geniza.princeton.edu/places/kafr-haris/
Kalabshā,Kalābsha,"23° 57′ 38″ N, 32° 52′ 4″ E",,1,0,0,https://geniza.princeton.edu/places/kalabsha/
Kanbāyat,"Cambay, כנבאית","22° 19′ 5″ N, 72° 37′ 8″ E",,1,0,0,https://geniza.princeton.edu/places/kanbayat/
Karystos,,"38° 0′ 50″ N, 24° 25′ 11″ E",,1,0,0,https://geniza.princeton.edu/places/karystos/
Kiev,קייוב,"50° 27′ 1″ N, 30° 31′ 28″ E",,1,0,0,https://geniza.princeton.edu/places/kiev/
Kirkūk,"כרכוך, كركوك","35° 28′ 11″ N, 44° 23′ 56″ E",,1,0,0,https://geniza.princeton.edu/places/kirkuk/
Kīsh,"Qays, כיש, קיס, قيس, كيش","26° 31′ 59″ N, 53° 59′ 11″ E",,1,0,0,https://geniza.princeton.edu/places/kish/
Kolkata,כלכתה,"22° 34′ 27″ N, 88° 21′ 42″ E",,1,0,0,https://geniza.princeton.edu/places/kolkata/
Kūlam,"Kollam, Quilon","8° 53′ 35″ N, 76° 36′ 50″ E",,3,0,1,https://geniza.princeton.edu/places/kulam/
Lakhaba,,"12° 55′ 42″ N, 44° 54′ 1″ E","Coordinates are approximate. See Margariti, Aden, 60–63.",1,0,0,https://geniza.princeton.edu/places/lakhaba/
Land of the Zanj (region),בלאד אלזנג (region),"4° 3′ 14″ S, 39° 40′ 0″ E","Bilād al-Zanj refers to the Swahili coast. Until PGP can handle regions, I've arbitrarily set the point at Mombasa.",1,0,0,https://geniza.princeton.edu/places/land-of-the-zanj-region/
Latakia,al-Lādhiqiyya,"35° 32′ 30″ N, 35° 47′ 55″ E",,5,0,0,https://geniza.princeton.edu/places/latakia/
Livorno,Leghorn,"43° 32′ 54″ N, 10° 18′ 38″ E",,13,0,0,https://geniza.princeton.edu/places/livorno/
London,,"51° 30′ 35″ N, 0° 7′ 5″ E",,2,0,0,https://geniza.princeton.edu/places/london/
Lucena,,"37° 24′ 35″ N, 4° 28′ 59″ W",,7,1,0,https://geniza.princeton.edu/places/lucena/
Lukk,,"31° 59′ 17″ N, 24° 36′ 32″ E",,2,0,0,https://geniza.princeton.edu/places/lukk/
Luxor,"al-Uqṣur, אלאקצור, אלאקצר, الاقصر","25° 41′ 12″ N, 32° 38′ 16″ E",,1,0,0,https://geniza.princeton.edu/places/luxor/
Madīnat al-Fayyūm,"Arsinoë, Krokodilopolis","29° 18′ 28″ N, 30° 50′ 31″ E",,3,0,0,https://geniza.princeton.edu/places/madinat-al-fayyum/
Madrid,"מגריט, مجريط","40° 25′ 0″ N, 3° 42′ 10″ W",,1,0,0,https://geniza.princeton.edu/places/madrid/
Maḥallat Diyāy,"מחלת דייאיי, محلة دياي","31° 1′ 56″ N, 30° 43′ 50″ E",,1,0,0,https://geniza.princeton.edu/places/mahallat-diyay/
Mainz,,"49° 59′ 34″ N, 8° 14′ 50″ E",,1,0,0,https://geniza.princeton.edu/places/mainz/
Majd al-Kurūm,مجد الكروم,"32° 55′ 14″ N, 35° 15′ 10″ E",,1,1,0,https://geniza.princeton.edu/places/majd-al-kurum/
Malaga,,"36° 43′ 9″ N, 4° 25′ 11″ W",,1,0,0,https://geniza.princeton.edu/places/malaga/
Malibar (region),"Malabar (region), Malībārāt (region), Manībār (region)","12° 1′ 11″ N, 75° 16′ 48″ E",,3,1,0,https://geniza.princeton.edu/places/malibar/
Malīj,,"30° 35′ 30″ N, 31° 1′ 40″ E",,65,0,0,https://geniza.princeton.edu/places/malij/
Mallorca,,"39° 41′ 43″ N, 3° 1′ 3″ E",,1,0,0,https://geniza.princeton.edu/places/mallorca/
Malta,,"35° 53′ 42″ N, 14° 30′ 35″ E",,4,0,0,https://geniza.princeton.edu/places/malta/
Manfalūṭ,,"27° 18′ 42″ N, 30° 58′ 21″ E",,2,0,0,https://geniza.princeton.edu/places/manfalut/
Mangaluru,"Mangalore, Manjarūr, מנגרור","12° 52′ 11″ N, 74° 50′ 24″ E",,5,1,0,https://geniza.princeton.edu/places/mangaluru/
Manṣūra,"מנצורה, منصورة","31° 2′ 23″ N, 31° 23′ 24″ E",,6,0,0,https://geniza.princeton.edu/places/mansura/
Manūf,Minūf,"30° 27′ 56″ N, 30° 55′ 51″ E",,1,0,0,https://geniza.princeton.edu/places/manuf/
Marīs (region),"Migi, Nobadia","22° 21′ 47″ N, 31° 52′ 24″ E",One of three Nubian kingdoms that emerged in the aftermath of the collapse of the Kushite kingdom at Meroe. Marīs had its capital at Pachōras (Faras) north of Wādī Ḥalfa. Its region extended from Aswan to the third cataract.,2,0,0,https://geniza.princeton.edu/places/maris/
Marrakesh,מראכש,"31° 37′ 20″ N, 7° 59′ 23″ W",,2,0,0,https://geniza.princeton.edu/places/marrakesh/
Marseille,,"43° 18′ 9″ N, 5° 21′ 36″ E",,8,0,0,https://geniza.princeton.edu/places/marseille/
Maryūṭ,"Buḥayrat Maryūṭ, Lake Maryūṭ","31° 9′ 19″ N, 29° 53′ 52″ E",,1,0,0,https://geniza.princeton.edu/places/maryut/
Masada,מצדה‎,"31° 18′ 55″ N, 35° 21′ 13″ E",,1,0,0,https://geniza.princeton.edu/places/masada/
Masīla,,"35° 43′ 13″ N, 4° 31′ 12″ E",,1,0,0,https://geniza.princeton.edu/places/masila/
Mastaura,מסטורא,"37° 57′ 22″ N, 28° 20′ 29″ E",,1,0,0,https://geniza.princeton.edu/places/mastura/
Maydūm,ميدوم,"29° 22′ 19″ N, 31° 10′ 19″ E",,1,0,0,https://geniza.princeton.edu/places/maydum/
Mazara,Mazara del Vallo,"37° 38′ 59″ N, 12° 34′ 48″ E",,17,5,0,https://geniza.princeton.edu/places/mazara/
Mecca,,"21° 25′ 26″ N, 39° 49′ 1″ E",,5,0,0,https://geniza.princeton.edu/places/mecca/
Messina,מסיני,"38° 11′ 37″ N, 15° 33′ 15″ E",,7,0,0,https://geniza.princeton.edu/places/messina/
Methoni,Modon,"36° 49′ 11″ N, 21° 42′ 22″ E",,3,0,0,https://geniza.princeton.edu/places/methoni/
Milazzo,Mīlāṣ,"38° 13′ 15″ N, 15° 14′ 29″ E",,1,0,0,https://geniza.princeton.edu/places/milazzo/
Minya,,"28° 6′ 0″ N, 30° 45′ 0″ E",,6,0,0,https://geniza.princeton.edu/places/minya/
Minyat al-Qāʾid,,"29° 31′ 33″ N, 31° 15′ 15″ E",,7,0,0,https://geniza.princeton.edu/places/minyat-al-qa-id/
Minyat al-Shammās,منية الشماس,"29° 56′ 8″ N, 31° 15′ 20″ E",,1,0,0,https://geniza.princeton.edu/places/minyat-al-shammas/
Minyat Ashnā,,"30° 48′ 6″ N, 31° 14′ 8″ E",,8,0,0,https://geniza.princeton.edu/places/minyat-ashna/
Minyat Ghamr,Mīt Ghamr,"30° 42′ 55″ N, 31° 15′ 41″ E",,25,0,0,https://geniza.princeton.edu/places/minyat-ghamr/
Minyat Khalaf,منية خلف,"30° 32′ 38″ N, 31° 2′ 34″ E",,1,0,0,https://geniza.princeton.edu/places/minyat-khalaf/
Minyat Khamīs,منية خميس,"31° 2′ 23″ N, 31° 20′ 31″ E",,1,0,0,https://geniza.princeton.edu/places/minyat-khamis/
Minyat Samanūd,מנית סמנוד,"30° 57′ 25″ N, 31° 15′ 3″ E",,2,0,0,https://geniza.princeton.edu/places/minyat-samanud/
Minyat ʿUqba,منية عقبة,"30° 3′ 38″ N, 31° 11′ 43″ E",,1,0,0,https://geniza.princeton.edu/places/minyat-uqba/
Minyat Ziftā,Minyat Ziftā Jawād,"30° 42′ 36″ N, 31° 14′ 23″ E",,73,0,0,https://geniza.princeton.edu/places/minyat-zifta/
Mirbāṭ,,"16° 59′ 16″ N, 54° 41′ 31″ E",,6,0,0,https://geniza.princeton.edu/places/mirbat/
Mokha,"מוכה, מוח'א, المخة","13° 19′ 13″ N, 43° 15′ 1″ E",,1,0,0,https://geniza.princeton.edu/places/mokha/
Monastir,Bitola,"41° 1′ 54″ N, 21° 20′ 4″ E",,1,0,0,https://geniza.princeton.edu/places/monastir/
Monieux,,"44° 4′ 1″ N, 5° 21′ 28″ E",,1,0,0,https://geniza.princeton.edu/places/monieux/
Mosul,"Nineveh, אלמוצל, الموصل","36° 20′ 24″ N, 43° 7′ 48″ E",,11,1,0,https://geniza.princeton.edu/places/mosul/
Muʿayṣira,,"34° 3′ 57″ N, 35° 40′ 5″ E",,1,0,0,https://geniza.princeton.edu/places/mu-aysira/
Mumbai,"Bombay, במבי","19° 3′ 35″ N, 72° 52′ 37″ E",,1,0,0,https://geniza.princeton.edu/places/mumbai/
Muñó,,"42° 12′ 14″ N, 4° 0′ 20″ W",,2,0,0,https://geniza.princeton.edu/places/muno/
Nāblus,"שכם, نابلس","32° 13′ 21″ N, 35° 15′ 43″ E",,10,0,0,https://geniza.princeton.edu/places/nablus/
Nafūsa,Jebel Nafūsa,"31° 51′ 53″ N, 11° 47′ 35″ E","The Nafusa mountains (Jebel Nafusa) or sometimes known simply as Nafusa, is a mountain range in modern-day western Libya. A not insignificant number of Geniza merchants hailed from Nafusa, but it is technically not a settlement location itself. Rather, the mountain is home to several towns and cities, most notably Zintan, Nalut, Jadu, Gharyan, Yefren, Kabaw, and others.",1,2,0,https://geniza.princeton.edu/places/nafusa/
Nahrwāra,"Anahilavada, Patan","23° 51′ 0″ N, 72° 7′ 29″ E",,5,0,0,https://geniza.princeton.edu/places/nahrwara/
Nájera,,"42° 24′ 59″ N, 2° 43′ 47″ W",,1,0,0,https://geniza.princeton.edu/places/najera/
Narbonne,,"43° 11′ 0″ N, 3° 0′ 5″ E",,1,0,0,https://geniza.princeton.edu/places/narbonne/
Naṣībīn,"Nisibis, Nusaybin, נציבין, نصيبين","37° 4′ 12″ N, 41° 12′ 50″ E",,1,0,0,https://geniza.princeton.edu/places/nasibin/
Nawāj,نواج,"30° 52′ 5″ N, 31° 0′ 25″ E",,1,0,0,https://geniza.princeton.edu/places/nawaj/
Ouarsenis,Wānsharīs,"35° 52′ 0″ N, 1° 37′ 0″ E",,1,0,0,https://geniza.princeton.edu/places/oarsenis/
Otranto,,"40° 8′ 43″ N, 18° 29′ 29″ E",,1,0,0,https://geniza.princeton.edu/places/otranto/
Palermo,,"38° 6′ 39″ N, 13° 21′ 7″ E",,63,13,4,https://geniza.princeton.edu/places/palermo/
Patras,,"38° 14′ 38″ N, 21° 44′ 3″ E",,3,0,0,https://geniza.princeton.edu/places/patras/
Patti,"Baqdas, Baqṭas","38° 8′ 18″ N, 14° 58′ 0″ E",,1,0,0,https://geniza.princeton.edu/places/patti/
Pisa,"בישה, بيشة","43° 42′ 59″ N, 10° 24′ 0″ E",,4,0,0,https://geniza.princeton.edu/places/pisa/
Port Said,,"31° 15′ 58″ N, 32° 17′ 50″ E",,1,0,0,https://geniza.princeton.edu/places/port-said/
Pumbedita,פומבדיתא,"33° 21′ 3″ N, 43° 47′ 9″ E",Home to one of the two major rabbinic academies in Iraq from late antiquity until the early 10th century when the academies moved to Baghdad.,2,0,0,https://geniza.princeton.edu/places/pumbedita/
Qabīl,,"31° 4′ 59″ N, 30° 30′ 0″ E",,1,0,0,https://geniza.princeton.edu/places/qabil/
Qābis,"Gabès, قابس","33° 52′ 48″ N, 10° 7′ 11″ E",,3,3,0,https://geniza.princeton.edu/places/qabis/
Qalhā,قلها,"29° 4′ 21″ N, 30° 53′ 25″ E",,1,0,0,https://geniza.princeton.edu/places/qalha/
Qallīn,"קלין, قلين, ⲕⲁⲗⲗⲓⲛ","31° 2′ 46″ N, 30° 51′ 16″ E",,1,0,0,https://geniza.princeton.edu/places/qallin/
Qalyūb,"قليوب, ⲕⲁⲗⲓⲱⲡⲉ","30° 11′ 59″ N, 31° 12′ 36″ E",,25,1,0,https://geniza.princeton.edu/places/qalyub/
Qarqanna,"קרקנה, قرقنة","34° 42′ 0″ N, 11° 10′ 59″ E",,1,0,0,https://geniza.princeton.edu/places/qarqanna/
Qaṣr al-Shamʿ (neighborhood),,,Neighborhood in Fustat.,10,0,0,https://geniza.princeton.edu/places/qasr-al-sham-neighborhood/
Qaṭyā,Qaṭya,"30° 57′ 48″ N, 32° 45′ 15″ E",,7,0,0,https://geniza.princeton.edu/places/qatya/
Qayrawān,Kairouan,"35° 40′ 1″ N, 10° 6′ 3″ E",,44,7,0,https://geniza.princeton.edu/places/qayrawan/
Qedesh,,"33° 6′ 41″ N, 35° 31′ 46″ E",,1,0,0,https://geniza.princeton.edu/places/qedesh/
Qift,,"25° 59′ 42″ N, 32° 48′ 57″ E",,1,0,0,https://geniza.princeton.edu/places/qift/
Qiryat Ono,,"32° 3′ 17″ N, 34° 51′ 32″ E",,1,0,0,https://geniza.princeton.edu/places/qiryat-ono/
Qujandīm,"קגנדים, قوجنديمة",,Locality in al-Daqahliyya province; precise coordinates unknown.,1,0,0,https://geniza.princeton.edu/places/qujandim/
Qūṣ,,"25° 55′ 47″ N, 32° 46′ 12″ E",,29,0,0,https://geniza.princeton.edu/places/qus/
Rafaḥ,"̋Ḥaṣor, חצור, رفح","31° 17′ 57″ N, 34° 14′ 39″ E","On the identification of Ḥaṣor as Rafaḥ, see M. A. Friedman, Jewish Marriage in Palestine, vol. 2, p. 316.",3,0,0,https://geniza.princeton.edu/places/rafah/
Ragusa (Sicily),רגוס,"36° 55′ 29″ N, 14° 43′ 7″ E",,1,0,0,https://geniza.princeton.edu/places/ragusa/
Raʾs al-Khalīj,,"31° 14′ 57″ N, 31° 38′ 54″ E",,1,0,0,https://geniza.princeton.edu/places/ra-s-al-khalij/
Raʾs Tīnī,,"32° 37′ 39″ N, 23° 6′ 58″ E","If identical with Raʿs al-Tīn, then it is a cape on the Libyan coast, west of Tobruk and located on the Gulf of Bomba. Observation posts were placed between here and Alexandria to spot ships' progress. Ships sailing west would stay close to the shore until this point and only thereafter cross blue water. (Information from Bramoullé, Les fatimides et la mer, 26)",7,0,0,https://geniza.princeton.edu/places/ra-s-tini/
Rhodes,רודס,"36° 26′ 8″ N, 28° 13′ 19″ E",,5,0,0,https://geniza.princeton.edu/places/rhodes/
Rodez,,"44° 21′ 2″ N, 2° 34′ 30″ E",,1,0,0,https://geniza.princeton.edu/places/rodez/
Romania,רומנייה,"46° 0′ 0″ N, 25° 0′ 0″ E",,1,0,0,https://geniza.princeton.edu/places/romania/
Rome,,"41° 53′ 48″ N, 12° 28′ 55″ E",,3,0,0,https://geniza.princeton.edu/places/rome/
Rosetta,Rashīd,"31° 23′ 58″ N, 30° 25′ 1″ E",,49,0,0,https://geniza.princeton.edu/places/rosetta/
Ṣā,"Sais, Ṣā al-Ḥajar","30° 57′ 52″ N, 30° 45′ 59″ E",,1,0,0,https://geniza.princeton.edu/places/sa/
Safed,"צפת, صفد","32° 57′ 52″ N, 35° 29′ 45″ E",,32,0,0,https://geniza.princeton.edu/places/safed/
Ṣaffūriyya,Sepphoris,"32° 44′ 44″ N, 35° 16′ 42″ E",,1,0,0,https://geniza.princeton.edu/places/saffuriyya/
Ṣahrajt,,"30° 38′ 18″ N, 31° 17′ 1″ E",,23,0,0,https://geniza.princeton.edu/places/sahrajt/
Sakhā,,"31° 5′ 21″ N, 30° 56′ 39″ E",,1,0,0,https://geniza.princeton.edu/places/sakha/
Salamant,سلمنت,"30° 22′ 12″ N, 31° 25′ 25″ E",,1,0,0,https://geniza.princeton.edu/places/salamant/
Salerno,,"40° 40′ 52″ N, 14° 46′ 27″ E",,2,0,0,https://geniza.princeton.edu/places/salerno/
Thessaloniki,Salonica,"40° 37′ 45″ N, 22° 56′ 50″ E",,21,0,0,https://geniza.princeton.edu/places/salonica/
Sammanūd,,"30° 57′ 43″ N, 31° 14′ 32″ E",,22,0,0,https://geniza.princeton.edu/places/sammanud/
Ṣanʿāʾ,"צנעא, صنعاء","15° 22′ 9″ N, 44° 11′ 27″ E",,12,0,0,https://geniza.princeton.edu/places/san-a/
Ṣanāfīr,,"30° 13′ 18″ N, 31° 10′ 4″ E",,1,0,0,https://geniza.princeton.edu/places/sanafir/
Sanhūr,,"29° 24′ 23″ N, 30° 46′ 16″ E",,3,0,0,https://geniza.princeton.edu/places/sanhur/
Sardinia,צרדאניא,"40° 7′ 25″ N, 9° 0′ 40″ E",,1,0,0,https://geniza.princeton.edu/places/sardinia/
Ṣarwa,"צרוה, صروة","31° 2′ 23″ N, 30° 50′ 12″ E",,1,0,0,https://geniza.princeton.edu/places/sarwa/
Sciacca,,"37° 30′ 32″ N, 13° 5′ 20″ E",,1,0,0,https://geniza.princeton.edu/places/sciacca/
Sendafa,Ṣandāfa,"9° 54′ 0″ N, 39° 12′ 0″ E",,1,0,0,https://geniza.princeton.edu/places/sendafa/
Seville,אשביליא,"37° 23′ 20″ N, 5° 59′ 4″ W",,2,0,0,https://geniza.princeton.edu/places/seville/
Sfax,Ṣafāqis,"34° 44′ 24″ N, 10° 45′ 35″ E",,18,1,1,https://geniza.princeton.edu/places/sfax/
Shābūr,,"30° 48′ 16″ N, 30° 46′ 50″ E",,1,0,0,https://geniza.princeton.edu/places/shabur/
Shamṭūniyya,שום טמיא,,"Unidentified location in Iraq; Goitein, Golb, and Gil each had different hypotheses.",1,0,0,https://geniza.princeton.edu/places/shamtuniyya/
Shanashā,شنشا,"30° 52′ 58″ N, 31° 19′ 12″ E",,1,0,0,https://geniza.princeton.edu/places/shanasha/
Shaqqat al-Waʿr,,,Unidentified port near Tobruk,1,0,0,https://geniza.princeton.edu/places/shaqqat-al-wa-r/
Sharbīn,شربين,"31° 11′ 24″ N, 31° 31′ 11″ E",,1,0,0,https://geniza.princeton.edu/places/sharbin/
Shingli,"Kodungallur, Shingly, שנגלי, شنجلي","10° 13′ 12″ N, 76° 13′ 11″ E",,3,0,0,https://geniza.princeton.edu/places/shingli/
Shiraz,,"29° 36′ 0″ N, 52° 32′ 23″ E",,1,0,0,https://geniza.princeton.edu/places/shiraz/
Shubrā Damsīs,Damsīs,"30° 49′ 12″ N, 31° 13′ 11″ E",,21,1,0,https://geniza.princeton.edu/places/shubra-damsis/
Sicily,,"37° 38′ 42″ N, 13° 55′ 50″ E",Region,25,0,0,https://geniza.princeton.edu/places/sicily/
Sidon,صيدا,"33° 33′ 37″ N, 35° 22′ 32″ E",,6,0,0,https://geniza.princeton.edu/places/sidon/
Siena,,"43° 19′ 6″ N, 11° 19′ 50″ E",,2,0,0,https://geniza.princeton.edu/places/siena/
Sijilmāsa,,"31° 16′ 48″ N, 4° 16′ 48″ W",,1,1,0,https://geniza.princeton.edu/places/sijilmasa/
Silifke,Seleucia,"36° 22′ 39″ N, 33° 56′ 3″ E",,1,0,0,https://geniza.princeton.edu/places/silifke/
Sindābūr,,"15° 30′ 0″ N, 73° 49′ 47″ E","See Ranabir Chakravarti, ""Candrapura/Sindabur and Gopakapattana: Two Ports on the West Coast of India (AD 1000–1300),"" Proceedings of the Indian History Congress 60 (1999), 153–61.",2,0,0,https://geniza.princeton.edu/places/sindabur/
Sindiyūn,سنديون,"31° 13′ 46″ N, 30° 30′ 43″ E",,1,0,0,https://geniza.princeton.edu/places/sindiyun/
Sinnūris,"Sannūris, Sanūris","29° 24′ 49″ N, 30° 52′ 5″ E","For details on this village, see the references in Rapoport and Shahar, Villages of the Fayyūm, 159n207.",3,0,0,https://geniza.princeton.edu/places/sinnuris/
Sirte,"Surt, Syrte, סרת, سرت","31° 12′ 17″ N, 16° 35′ 18″ E",,1,0,0,https://geniza.princeton.edu/places/sirte/
Sīwa,"Santariyya, סנתריה, سنترية, سيوة","29° 12′ 18″ N, 25° 31′ 9″ E",,1,0,0,https://geniza.princeton.edu/places/siwa/
Skopje,אישקופייה,"41° 59′ 47″ N, 21° 25′ 53″ E",,1,0,0,https://geniza.princeton.edu/places/skopje/
Soba,,"15° 30′ 18″ N, 32° 41′ 26″ E","Soba was the capital of the Nubian kingdom of Alodia (Arabic: ʿAlwa). Located on the banks of the Blue Nile, the town may have occupied an area of up to 275 ha, of which only ~1% has been excavated. The medieval city contained large houses, churches and monasteries. From the sixteenth century onward, however, it fell into ruin. Today the medieval remains are buried, but there is modern settlement in the area as a result of the expansion of nearby Khartoum. The site was excavated by the Polish Centre for Mediterranean Archaeology from 2019–22, and that team has published a number of reports and articles about the site. See the project page at: https://pcma.uw.edu.pl/en/2019/01/25/soba-2/",1,2,0,https://geniza.princeton.edu/places/soba/
Suez,,"29° 58′ 4″ N, 32° 32′ 56″ E",,4,0,0,https://geniza.princeton.edu/places/suez/
Sumusṭā,,"28° 55′ 14″ N, 30° 51′ 12″ E",,1,0,0,https://geniza.princeton.edu/places/sumusta/
Sunbāṭ,,"30° 48′ 24″ N, 31° 12′ 16″ E",,18,0,0,https://geniza.princeton.edu/places/sunbat/
Sura,"מתא מחסיא, סורא","31° 52′ 59″ N, 44° 27′ 0″ E",Home to one of the two major rabbinic academies in Iraq from late antiquity until the early 10th century when the academies moved to Baghdad.,1,0,0,https://geniza.princeton.edu/places/sura/
Surat,,"21° 12′ 20″ N, 72° 50′ 24″ E",,1,0,0,https://geniza.princeton.edu/places/surat/
Sūsa,"Soussa, Sousse","35° 49′ 47″ N, 10° 37′ 48″ E",,50,0,0,https://geniza.princeton.edu/places/susa/
Sūsa (Libya),"Apollonia, Sozusa, Sūsat Barqa, סוסת ברקה, سوسة برقة","32° 53′ 48″ N, 21° 57′ 47″ E",,1,0,0,https://geniza.princeton.edu/places/susa-2/
Sawākin,Suwākin,"19° 6′ 0″ N, 37° 19′ 47″ E",,5,0,0,https://geniza.princeton.edu/places/suwakin/
Syracuse,,"37° 4′ 33″ N, 15° 17′ 13″ E",,9,0,0,https://geniza.princeton.edu/places/syracuse/
Ṭaḥā,طحا,"28° 11′ 23″ N, 30° 42′ 6″ E",,1,0,0,https://geniza.princeton.edu/places/taha/
Ṭalkhā,"طلخا, طلخة","31° 3′ 17″ N, 31° 22′ 48″ E",,1,0,0,https://geniza.princeton.edu/places/talkha/
Tānā,"Thana, Thane","19° 11′ 49″ N, 72° 58′ 11″ E",,2,0,0,https://geniza.princeton.edu/places/tana/
Ṭanān,"טנאן, طنان","30° 14′ 35″ N, 31° 14′ 35″ E",,2,0,0,https://geniza.princeton.edu/places/tanan/
Ṭanṭā,طنطا,"30° 47′ 12″ N, 31° 0′ 1″ E",,5,0,0,https://geniza.princeton.edu/places/tanta/
Tārān,,,"Yāqūt (iii, 834) describes Tārān as an island in the Red Sea between the Gulf of Suez and the Gulf of ʿAqaba. It is a place with a whirlpool at the foot of a mountain, and it is the place where the winds from Egypt and Syria encounter each other, making it very dangerous to ships.",1,0,0,https://geniza.princeton.edu/places/taran/
Tarsus,,"36° 55′ 3″ N, 34° 53′ 34″ E",,1,0,0,https://geniza.princeton.edu/places/tarsus/
Tarūja,تروجة,"30° 58′ 17″ N, 30° 10′ 22″ E",,1,0,0,https://geniza.princeton.edu/places/taruja/
Taṭāy,"תטאי, تطاي","30° 41′ 53″ N, 31° 5′ 53″ E",,6,0,0,https://geniza.princeton.edu/places/tatay/
Tel Yaʿqūb,"Tepealtı, Tilyaqup","37° 5′ 45″ N, 41° 22′ 15″ E",,1,0,0,https://geniza.princeton.edu/places/tel-ya-qub/
Thebes,,"38° 19′ 14″ N, 23° 19′ 4″ E",,2,0,0,https://geniza.princeton.edu/places/thebes/
Tiberias,,"32° 47′ 42″ N, 35° 31′ 51″ E",,17,0,0,https://geniza.princeton.edu/places/tiberias/
Tinnīs,תניס,"31° 11′ 59″ N, 32° 13′ 59″ E",,65,3,0,https://geniza.princeton.edu/places/tinnis/
Tīz,"al-Tīz, אלתיז","25° 21′ 24″ N, 60° 37′ 14″ E",,3,0,0,https://geniza.princeton.edu/places/tiz/
Tlemcen,تلمسان,"34° 52′ 48″ N, 1° 19′ 12″ W",,5,0,0,https://geniza.princeton.edu/places/tlemcen/
Tobruk,"טברק, طبرق","32° 4′ 42″ N, 23° 56′ 35″ E",,3,0,0,https://geniza.princeton.edu/places/tobruk/
Toledo,Ṭulayṭula,"39° 51′ 35″ N, 4° 1′ 38″ W",,3,1,0,https://geniza.princeton.edu/places/toledo/
Trapani,אטראבנש,"38° 1′ 1″ N, 12° 30′ 54″ E",,3,0,0,https://geniza.princeton.edu/places/trapani/
Trieste,,"45° 38′ 55″ N, 13° 46′ 10″ E",,4,0,0,https://geniza.princeton.edu/places/trieste/
Tripoli (Greece),,"37° 30′ 32″ N, 22° 22′ 45″ E",,1,0,0,https://geniza.princeton.edu/places/tripoli-greece/
Tripoli (Lebanon),"סינים, Ṭarāblus al-Shām","34° 26′ 12″ N, 35° 50′ 3″ E",,14,1,0,https://geniza.princeton.edu/places/tripoli-lebanon/
Tripoli (Libya),"طرابلس, طرابلس الغرب, Ṭarābulus","32° 53′ 24″ N, 13° 11′ 23″ E",,37,1,0,https://geniza.princeton.edu/places/tripoli-libya/
Tuḥuriyya,طحورية,"30° 21′ 43″ N, 31° 19′ 51″ E",,1,0,0,https://geniza.princeton.edu/places/tuhuriyya/
Ṭūkh,طوخ الملق,"30° 21′ 9″ N, 31° 12′ 15″ E",,1,0,0,https://geniza.princeton.edu/places/tukh/
Tunis,تونس,"36° 48′ 21″ N, 10° 10′ 55″ E",,5,0,0,https://geniza.princeton.edu/places/tunis/
Ṭunūb,طنوب,"30° 41′ 18″ N, 30° 48′ 14″ E",,1,0,0,https://geniza.princeton.edu/places/tunub/
Turin,Torino,"45° 4′ 13″ N, 7° 41′ 12″ E",,1,0,0,https://geniza.princeton.edu/places/turin/
Turūja,تروجة,"30° 30′ 0″ N, 30° 6′ 0″ E",,1,0,0,https://geniza.princeton.edu/places/turuja/
Tyre,"צור, صور","33° 16′ 13″ N, 35° 13′ 50″ E",,54,2,0,https://geniza.princeton.edu/places/tyre/
ואדי לינפש,,,"Unidentified location in Iberia, located ""across the Tagus river. . . in the village of אלב̇יג̇ש."" It is also possible to read the name as ואדי לעפש.",1,0,0,https://geniza.princeton.edu/places/vady-l-psh/
Valapattanam,"Balyapattanam, Valarapattanam","11° 54′ 0″ N, 75° 22′ 12″ E",,1,0,0,https://geniza.princeton.edu/places/valapattanam/
Val Demone,"Dimunsh, דמנש","38° 1′ 48″ N, 14° 34′ 50″ E",,2,0,0,https://geniza.princeton.edu/places/val-demone/
Valencia,,"39° 28′ 10″ N, 0° 22′ 38″ E",,2,0,0,https://geniza.princeton.edu/places/valencia/
Valladolid,ואלדוליד,"41° 39′ 9″ N, 4° 43′ 24″ W",,1,0,0,https://geniza.princeton.edu/places/valladolid/
Venice,,"45° 26′ 13″ N, 12° 19′ 57″ E",,23,0,0,https://geniza.princeton.edu/places/venice/
Vienna,,"48° 12′ 29″ N, 16° 22′ 16″ E",,1,0,0,https://geniza.princeton.edu/places/vienna/
Wardūnyā,,"33° 22′ 52″ N, 44° 20′ 34″ E","A NW suburb of Baghdad. See N. Golb, ‘A Marriage Deed from ‘Warduniā of Baghdad,’ Journal of Near Eastern Studies 43.2 (1984), pp. 152–56.",1,0,0,https://geniza.princeton.edu/places/wardunya/
Wārjalān,Ouargla,"31° 56′ 57″ N, 5° 19′ 30″ E",,1,0,0,https://geniza.princeton.edu/places/warjalan/
Wāsiț,,"32° 11′ 16″ N, 46° 17′ 52″ E",,2,0,0,https://geniza.princeton.edu/places/wasit/
Yazd,,"31° 51′ 35″ N, 54° 19′ 47″ E",,1,0,0,https://geniza.princeton.edu/places/yazd/
Yemen,"al-Yaman, אלימן, תימן, اليمن",,Region,14,3,1,https://geniza.princeton.edu/places/yemen/
Zabīd,,"14° 11′ 59″ N, 43° 19′ 19″ E",,3,0,0,https://geniza.princeton.edu/places/zabid/
Zagreb,Agram,"45° 48′ 53″ N, 15° 58′ 54″ E",,1,0,0,https://geniza.princeton.edu/places/zagreb/
Zakynthos,Zante,"37° 46′ 48″ N, 20° 53′ 41″ E",,1,0,0,https://geniza.princeton.edu/places/zakynthos/
Zarnīkh,,"25° 15′ 52″ N, 32° 35′ 39″ E",,0,0,0,https://geniza.princeton.edu/places/zarnikh/
Zinjibār,,"13° 7′ 40″ N, 45° 22′ 48″ E",,1,0,0,https://geniza.princeton.edu/places/zinjibar/
